brand,nome
OLYMPIKUS,Olympikus Treino Dynamic Masculino Adultos
NEW BALANCE,Tênis Running Masculino New Balance Cinza
PUMA,Tênis Running Masculino Puma Original Scend Pro
MIZUNO,Tênis Casual Masculino Mizuno Street Wind
MIZUNO,Tênis Running Masculino Original Mizuno Space 4
OLYMPIKUS,Olympikus Neblina Masculino Adultos
PUMA,Tênis Puma Masculino Flyer Flex Bdp Corrida Premium Original
NIKE,Nike Court Vision Low Next Nature Masculino Adultos
UNDER ARMOUR,Tênis Masculino Charged Great Under Armour
OLYMPIKUS,Tênis Masculino Corre Trilha Olympikus Novo
UNDER ARMOUR,Tênis Masculino E Feminino Charged Slight 3 Under Armour
OLYMPIKUS,Tênis Masculino E Feminino Dynamic Olympikus Super Novo
OLYMPIKUS,Tênis Masculino Esportivo Dynamic Cover Grid Olympikus Novo
NEW BALANCE,Tênis New Balance 411v3 Masculino Academia Original Pro
NIKE,Tênis Nike Flex Experience 12 Masculino
ASCENSION,Tenis Masculino E Feminino De Caminhada Ortopedico Crossfit
FILA,Tênis Masculino Fila Fitnes Treino Academia Caminhada Efecto
,Tenis Feminino Casual Nyc Shoes Masculino Moda Adulto
OLYMPIKUS,Olympikus 24/7 Lap Masculino Adultos 43769946
FILA,Tênis Fila Racer Carbon 2 Unissex Original + Kit De Meia
DM DAMANDO,Tenis Masculino Confortavel/academia/crossfit + Relógio
,Tenis Olimp Esportivo Masculino Feminino Leve E Macio
,Kit Combo 2 Tenis Masculino Academia Caminhada Corrida Top
OLYMPIKUS,Olympikus Poseidon Masculino Adultos
OLYMPIKUS,Olympikus Treino Volcan Masculino Adultos
ASCENSION,Tenis Ortopedico Masculino Corrida Caminhada Academia Treino
,Tenis Menino Infantil Ad Escolar Esportivo Merks 
BF SHOES,Tênis Branco Lançamento Original Confortável
OLYMPIKUS,Olympikus Casual Triunfo 2 Masculino Adultos
,Tênis Masculino Academia Rixxon Leve Promoção Barato 
FILA,Fila Venture Tracer Masculino Adultos
T-SHOES,Tênis Extremecross Speed Trekking Trilha Ciclismo Corrida
ASCENSION,Tenis Masculino Leve Confotavel Dia A Dia Para Treino
ADAPTION,Adaption Limited Masculino Adultos
,Tênis Esporte Masculino Pronta Entrega Barato
OLYMPIKUS,Olympikus Casual Urbano Ast Masculino Adultos
DM DAMANDO,Kit Tenis Confortavel Masculino P/academia Corrida + Relógio
PUMA,Tênis Puma Skyrocket Lite Masculino Academia Pro Corrida Run
,Tenis Sapatilha Bike Pesca Corrida Academia Neoprene Confort
MIZUNO,Mizuno Space 3 Masculino Adultos
OLYMPIKUS,Olympikus Voa 2 Feminino Adultos
OLYMPIKUS,Tenis Olympikus Dynamic Masculino Esportivo Original
OLYMPIKUS,Tênis Masculino Olympikus Cyber 4 Academia Caminhada
,Tenis Esporte Academia Corrida Caminhada Confortável Leve
FILA,Fila Euro Jogger Sport Masculino Adultos
OLYMPIKUS,Tenis Olympikus Dynamic Masculino
EVOLTENN,Tenis Academia Corrida Original Caminhada Evoltenn Crossfit
OLYMPIKUS,Olympikus Casual Index 3 Masculino Adultos 43611218_1-004
